ID,Target
ID_5EGLKX,0
ID_4AI7RE,0
ID_V9OB3M,0
ID_6OI9DI,0
ID_H2TN8B,0
ID_U8T7ZQ,1
ID_QQJ3A1,0
ID_F5S4JD,0
ID_CY2C11,1
ID_63XVFI,0
ID_XAJI0Y,0
ID_KX0JJU,0
ID_795C4K,1
ID_6763V1,2
ID_7NXNW3,0
ID_9AZ3CE,1
ID_SBKP1L,0
ID_OC8D6J,1
ID_2073O9,0
ID_IOGXPB,1
ID_OCHSXC,0
ID_HOCG2K,0
ID_R2DHYL,0
ID_67P7Q4,0
ID_6GA2SD,1
ID_0E1JJD,0
ID_QF3ADT,1
ID_WU1R0D,0
ID_8KGFP9,0
ID_1HXRIB,1
ID_27LIH6,0
ID_D0LQ1M,0
ID_EK2GPM,0
ID_SJB4LV,0
ID_H0G0XQ,0
ID_3W95CH,0
ID_0T1510,0
ID_49EC54,0
ID_7M1NDR,0
ID_DBFXA2,2
ID_0PEQLV,0
ID_DKV54C,0
ID_K7AYLP,0
ID_9XZ73Q,1
ID_XZQFS3,0
ID_ATH9KP,1
ID_MVIHCW,0
ID_2SKE1A,0
ID_OLOLN3,0
ID_UIAJQB,1
ID_4C8J6E,0
ID_MP050O,0
ID_53QE5E,0
ID_UL6ULM,0
ID_1R35G2,0
ID_BGDICO,0
ID_DEMM0U,1
ID_WGIYQK,0
ID_L0YQZD,1
ID_WS3KCV,0
ID_FDW79W,1
ID_JG3YTI,0
ID_JLYS7J,1
ID_3A8V4X,1
ID_0GDRRA,0
ID_QZTGBC,0
ID_TVOIWA,0
ID_C15DI4,0
ID_QLQ1WM,1
ID_HCG7FD,0
ID_FEUB4O,1
ID_VYWAPK,1
ID_GSQOF3,1
ID_2X37B9,0
ID_BF1IIN,2
ID_PB01QC,0
ID_FORPOK,0
ID_EVMY1Q,0
ID_1LQXT2,0
ID_XPOUV7,0
ID_USX9DX,0
ID_XXX1GJ,0
ID_G7QSOD,1
ID_5CKMTB,1
ID_G1C3R5,1
ID_JA1V2T,0
ID_3V1UZV,0
ID_LN1B5O,0
ID_RGYGO2,0
ID_15S74N,0
ID_8TL777,0
ID_DO0FK4,0
ID_BY7UXU,0
ID_FHAZMI,0
ID_36EPCE,0
ID_YRJFVO,1
ID_9179B9,0
ID_EYKC2M,0
ID_HH7MC7,1
ID_6K18JQ,1
ID_MPA7DZ,0
ID_O5NMXA,1
ID_784KON,1
ID_HK6HMR,1
ID_N1U349,0
ID_PLYO0S,0
ID_XP0UO7,0
ID_241UWN,0
ID_TDHDX1,2
ID_INRJOH,0
ID_AUD9K9,0
ID_6VK0UC,1
ID_CS1OZF,0
ID_ZX0W4T,0
ID_XLAA6U,0
ID_ZAUGTT,0
ID_RRBSZU,1
ID_YBESIR,0
ID_B31P35,0
ID_6IH10E,0
ID_F51XFA,0
ID_T2ER1C,0
ID_NS0GNH,0
ID_9LF2OJ,0
ID_5FU7BF,2
ID_3TOPZZ,0
ID_02KBQ4,1
ID_E6U4GN,0
ID_C37V80,0
ID_JHRRRS,0
ID_GWJ8RR,0
ID_1ENNGA,1
ID_OX7D0R,0
ID_QMLCLI,0
ID_FDTBJO,0
ID_NVIJZX,1
ID_RJR9LY,0
ID_UQI62K,0
ID_UW37J9,0
ID_6W6N08,0
ID_8N2R48,1
ID_0Q1G1N,0
ID_D7969M,1
ID_1M0CU2,0
ID_Q62RXY,0
ID_4K6ILS,2
ID_24UNFT,0
ID_WNNHN3,1
ID_8SUOC1,1
ID_80OCGN,0
ID_LPLH87,1
ID_U6QGCB,1
ID_JWM1WU,1
ID_FH41A6,1
ID_CIUWKW,0
ID_D2XD3T,0
ID_YA2KYL,1
ID_TTH9KR,0
ID_0EJHRM,0
ID_DL4YCP,0
ID_6EXNWZ,0
ID_28OR9F,1
ID_JY1O2R,0
ID_DE5E8N,0
ID_BPWKO9,1
ID_TUX6J1,0
ID_NF2P09,0
ID_J1OF25,0
ID_OJ38AY,0
ID_56GW9B,1
ID_EJRSBB,0
ID_S4YEN1,1
ID_W1LK84,0
ID_OZLEL8,0
ID_GU5IO8,0
ID_3X2KB6,0
ID_MPCBHB,0
ID_DSGC06,0
ID_ESDWH8,2
ID_SCQQAV,1
ID_O7GDS7,0
ID_RVO9MA,0
ID_O7TCBW,0
ID_55IZOL,1
ID_GBJWAV,0
ID_LCQZJ8,0
ID_8G8T92,0
ID_27EVCN,0
ID_FNBA3V,0
ID_CUWXG8,0
ID_CKOM5F,0
ID_GQQQJR,0
ID_XHZPDS,0
ID_25SQ8C,0
ID_LRKI72,0
ID_8MVW5O,0
ID_OTKUNU,0
ID_M5CI7H,1
ID_NWTLBN,0
ID_SUFIZM,1
ID_B5XOJD,1
ID_XNDDZT,0
ID_DLBGKB,1
ID_Y4V8CQ,0
ID_APMXD6,0
ID_CDNZY4,0
ID_F3GR94,0
ID_H95HHZ,1
ID_HONIX7,0
ID_CW6J7O,0
ID_1689WA,0
ID_OG9TVP,0
ID_KJ49YD,0
ID_16W8MI,1
ID_BYVSCA,0
ID_JM1R1Q,2
ID_QIGBU9,0
ID_7KVCNO,0
ID_E9MOVB,0
ID_LYGWR7,0
ID_EDOHVR,1
ID_28J9BF,0
ID_DXC6RI,0
ID_8ZOI9H,0
ID_PI865E,1
ID_R8HBGW,0
ID_513LM7,2
ID_O2D8FU,0
ID_9DSSRK,0
ID_RRBAEJ,0
ID_1R2XGP,0
ID_EAFDZH,0
ID_HIFK0V,1
ID_0UJGVC,0
ID_LULYM7,0
ID_86P5XH,0
ID_35X3X1,1
ID_B726EW,0
ID_YQS8CG,2
ID_J00YCW,0
ID_VU2FFO,0
ID_KZK4RQ,0
ID_CC8UUX,1
ID_E3OZKD,1
ID_O6NZPW,0
ID_EFG9O9,0
ID_9UZ1KK,0
ID_UQGX8U,0
ID_LQC3C5,1
ID_D0NKVD,0
ID_IPUV58,0
ID_QIELDV,0
ID_6GS0JV,0
ID_EAXYLN,2
ID_Z3G0KS,0
ID_5TT9KA,0
ID_IMQ5GL,0
ID_M5HGBO,0
ID_RSNIMU,0
ID_34CUYS,0
ID_S6GKJ7,0
ID_MDEI1W,1
ID_1DLUCL,2
ID_MZCJGU,0
ID_SE0APH,1
ID_JQAMZC,0
ID_YPOOVC,0
ID_AH3QN2,0
ID_Y6QR7E,0
ID_RZ8JJM,0
ID_F8FWS0,0
ID_RMWLMA,0
ID_3H1G9Y,0
ID_9EN0KE,0
ID_4SMGP0,0
ID_YXKQN8,0
ID_YD2KIR,0
ID_9ARYEA,0
ID_K6RE4Q,1
ID_DA5H3Z,0
ID_LWI1CU,0
ID_F33GUW,1
ID_ONS1NG,1
ID_XFHHVP,1
ID_ZKN3PD,0
ID_KBE0QA,0
ID_BPBBQH,0
ID_F9S9EH,0
ID_2D7GG3,1
ID_1T6I8U,0
ID_ZG58XY,0
ID_1DALPB,0
ID_DALMJE,0
ID_76S20E,1
ID_94E82X,0
ID_SW5861,0
ID_8ZDXHY,1
ID_05FL04,0
ID_G5C210,0
ID_UGHT7E,0
ID_W4HUDS,0
ID_TQ5DYV,0
ID_YAJ5ND,1
ID_8N3E54,1
ID_EXYVCU,1
ID_04DV0U,1
ID_2MZ8M6,1
ID_UTOTHL,1
ID_6LKWKN,0
ID_TZ9UU5,0
ID_UK9E1V,0
ID_G345K5,0
ID_Q51WHA,1
ID_D1LQJS,0
ID_WS3SBG,0
ID_GI14Z9,0
ID_CNFU2H,0
ID_8EIQET,0
ID_U50AP1,0
ID_WLXDSC,0
ID_BDP4RE,0
ID_26UU6D,0
ID_MZ6387,0
ID_QTIM88,1
ID_X70R3S,1
ID_WSHY61,1
ID_PAXUZM,0
ID_724HK1,1
ID_VM8TNA,0
ID_KIH548,0
ID_WGT2LB,0
ID_04K43S,1
ID_EHG832,0
ID_ODZMPO,1
ID_TD24B4,0
ID_04JCRW,0
ID_7RY21G,0
ID_AMXA6S,0
ID_PHH62M,1
ID_IRD4JP,1
ID_E2F15J,0
ID_69620Z,0
ID_TNSM8X,0
ID_GLIGYK,0
ID_IYRM1K,0
ID_P8NJGK,1
ID_2MGBNC,0
ID_Q77HNS,0
ID_GA41IZ,0
ID_T8MMDF,0
ID_P5YRO1,1
ID_UYSBFO,0
ID_Q0NEZH,1
ID_R39IIX,1
ID_C2RH2X,1
ID_47EN48,0
ID_6Q8SJY,0
ID_OZOZEN,1
ID_CEAAE5,0
ID_9M0P87,0
ID_3KEYYN,0
ID_3RI0YA,2
ID_LIJI18,1
ID_Y4DKV7,1
ID_NZY7JR,0
ID_GVUMMW,0
ID_8WGBJ4,1
ID_JPWIT7,0
ID_J61TYJ,0
ID_U73UHR,0
ID_CFWAWQ,0
ID_J7D4NG,0
ID_06B8MS,0
ID_6J3RTX,0
ID_GOBZPE,1
ID_D13UG3,0
ID_Y3ODSX,0
ID_4BX952,0
ID_TB1PPQ,1
ID_R16WU1,0
ID_F4KZSE,0
ID_SF12A5,0
ID_IZ3U81,0
ID_9RV3B2,0
ID_6AQ1DR,0
ID_XCX9KN,0
ID_H1ADRG,0
ID_F8WXKK,1
ID_0S9BP4,1
ID_5A8389,1
ID_I3EYJ5,0
ID_DT95B1,0
ID_3DD03U,0
ID_7SU62J,0
ID_R97Y2L,2
ID_0DJWSA,0
ID_1EN699,1
ID_KBEFQ7,1
ID_3416UK,0
ID_I72W4O,1
ID_K5BOV3,0
ID_QUNUE7,0
ID_TPLI69,0
ID_JK8XNL,2
ID_E0OF37,0
ID_NHJVAN,1
ID_JRKHE0,0
ID_WPGK9M,1
ID_47RHOW,0
ID_JUDL3A,0
ID_PRCWFB,0
ID_11ZSB8,1
ID_GGHUGT,0
ID_A8JC3M,0
ID_QZLVZY,0
ID_DTN0AB,0
ID_Y9QZO7,1
ID_0IGBV7,0
ID_SVEEGS,0
ID_83T5KV,1
ID_1Y7LBD,0
ID_KD9GNL,0
ID_3HKVPL,0
ID_DERI4K,0
ID_YGC9G6,0
ID_GMF4LN,2
ID_HS7AUI,1
ID_P6PNU0,1
ID_GO6ZHD,0
ID_HROXIL,0
ID_VO7IUG,0
ID_Z1GV0E,0
ID_T5U694,0
ID_RCBPLJ,0
ID_7HZZ4G,0
ID_0AH1KG,0
ID_JCKNC6,0
ID_SNH0E9,1
ID_ZRV4A3,0
ID_DW0FGZ,1
ID_HHWMF1,1
ID_4RYTVG,0
ID_P39LQT,1
ID_N9F7QA,0
ID_FIQG01,1
ID_TFU2SN,0
ID_7OTE0Q,0
ID_I4FIEE,0
ID_1OQ9RQ,0
ID_G39BD2,0
ID_20RM73,0
ID_WLO61P,0
ID_QOOEGE,0
ID_DFGJ7N,1
ID_JUL7W8,0
ID_CMOQ5P,0
ID_9F16X1,0
ID_48WEGT,0
ID_Z47V66,1
ID_RNZNZM,0
ID_4X8SCX,0
ID_IW6L01,0
ID_1I7XJ2,1
ID_0CD8A2,0
ID_OGN378,0
ID_OOQ42N,0
ID_7ILBTL,1
ID_A1W3RR,1
ID_DKEJP5,1
ID_OSZHX1,0
ID_HDI8S5,0
ID_RIIGUP,0
ID_AKFD18,0
ID_SWEBNV,1
ID_5MLGMX,1
ID_P891XS,0
ID_EFSAA6,0
ID_1VVTY9,0
ID_K2VMWW,2
ID_4HXIOB,1
ID_5IV86Z,1
ID_6G298C,0
ID_3O40A9,0
ID_ZU2ZUE,1
ID_91QE37,0
ID_7IKP7S,0
ID_MUXFZJ,1
ID_BCHUAT,0
ID_G9TDRO,1
ID_5D4VUE,0
ID_AHZA9T,0
ID_Y3Z1DE,0
ID_NIE7YV,0
ID_5U8YL9,1
ID_1UIW5E,0
ID_WS1LOQ,1
ID_OXZOGN,0
ID_WIJLQ5,0
ID_HHX2X5,1
ID_9F7WO9,0
ID_RMQ0ML,0
ID_AHY5HO,2
ID_CVEDQF,0
ID_E9JLWX,0
ID_X8XLVK,0
ID_L30PYN,0
ID_RDBPZO,1
ID_1V5ZD0,0
ID_T96GSK,0
ID_OFG780,0
ID_FS17CS,0
ID_P2OY4C,0
ID_3HPNIC,1
ID_R6N18B,1
ID_S5RCGB,0
ID_PYI46N,2
ID_HAV6XH,0
ID_O1DS3H,1
ID_GH8P9L,1
ID_N1UJYP,0
ID_OBTCW6,0
ID_JH9PO2,0
ID_N3JHYA,0
ID_KPF3UZ,1
ID_LJQKCJ,0
ID_RPP9CW,0
ID_0HKARP,0
ID_GBUL1O,1
ID_URQN3B,0
ID_2BWQNX,0
ID_Z6CP7S,1
ID_J5UESL,1
ID_MZNMXB,0
ID_L40FOC,1
ID_QP6I0T,1
ID_KWW4HN,0
ID_BVUCZV,0
ID_2U7JHQ,0
ID_7P2F96,0
ID_L6CKNC,1
ID_63005S,0
ID_TWDL9Z,2
ID_IP65PL,1
ID_QHXSIP,0
ID_KRCW9I,0
ID_S1WVPF,1
ID_EJNEF0,0
ID_GPS013,0
ID_LGJE2A,1
ID_NXPWNU,0
ID_H7PSXM,1
ID_TSRL21,0
ID_7LCCJZ,0
ID_B3V7G5,0
ID_FQKIDC,1
ID_PEHFJ6,1
ID_RVA2UL,1
ID_NXXKLU,0
ID_7PMEXJ,1
ID_L6FEHE,1
ID_H7QLH5,0
ID_5Y4TS6,0
ID_AQ3J9X,1
ID_F3TF14,0
ID_BFFBFL,0
ID_G8SBI4,0
ID_42WQK2,0
ID_ZG884B,0
ID_93DXWO,0
ID_H6AAF2,0
ID_F27SJC,0
ID_27KKZ4,0
ID_1W36CO,0
ID_CBSYQY,0
ID_SVXFOR,1
ID_409WNZ,0
ID_7KSAUA,0
ID_9JD4MK,0
ID_FXLGQX,0
ID_DP4FMP,0
ID_79IZV5,1
ID_O9O2M4,0
ID_3C1HD9,0
ID_9INTUO,0
ID_ZE6HVO,0
ID_U5X0HC,0
ID_11KPKW,0
ID_4GPZBO,0
ID_99AF38,0
ID_R7JETE,0
ID_AFN214,0
ID_JA5T7P,0
ID_6RP26G,0
ID_3CII1J,0
ID_H094IP,0
ID_XF5Q3J,0
ID_RG63LH,0
ID_MBR5XQ,1
ID_M8RT41,0
ID_9C70PA,2
ID_SBWTE8,0
ID_56VAVW,0
ID_70N9EM,1
ID_M54XR8,0
ID_ZFHQDR,0
ID_C2GUWJ,0
ID_M6MW6N,1
ID_PHJ3MU,0
ID_8VI6FK,0
ID_HLCEZH,0
ID_T1K8HC,0
ID_S4P845,0
ID_22Z0SD,1
ID_333ZA4,0
ID_XRED8U,1
ID_AHE441,0
ID_DJ3RZQ,0
ID_DESIS6,0
ID_U0R7G0,1
ID_C9LUER,0
ID_YN2YJW,0
ID_Y1OL5R,0
ID_VVEG6U,0
ID_LPEFJA,1
ID_EFFXJJ,0
ID_DBE2X8,0
ID_JJTD1M,0
ID_SAAYE8,0
ID_0TJ2T9,0
ID_I9EXBN,0
ID_IK85EN,1
ID_W7TBDD,0
ID_5DEK42,1
ID_9AGE9N,0
ID_N728ZH,1
ID_WIEEO9,2
ID_A0C5HD,0
ID_R9Y7N1,0
ID_OJPZQS,1
ID_QWLOQK,0
ID_2LG1ZH,0
ID_X43WFS,0
ID_CZAFR0,0
ID_OEXIR4,2
ID_YXFIBL,0
ID_4I3642,0
ID_P7ZCPB,0
ID_CSQOU9,0
ID_7KFGHP,1
ID_MJSRD9,0
ID_HTD8H6,0
ID_U3PJTC,0
ID_J0LEBN,0
ID_N717YW,0
ID_IHDZSN,0
ID_ZU0F5E,0
ID_3AWPQS,0
ID_RF04F6,1
ID_RLF3Q6,1
ID_ECDC9Y,0
ID_SVB8Q3,0
ID_HVDQ0M,0
ID_3GGODL,0
ID_O9HAXH,0
ID_TC41RW,0
ID_XALXEP,0
ID_WVTFX4,0
ID_FR8EG6,0
ID_WWOSLK,0
ID_NIL847,0
ID_KPK7FV,0
ID_8BKA8V,0
ID_LNM580,0
ID_042QTC,0
ID_E9DUG9,1
ID_AOQHVD,0
ID_LX4UZI,0
ID_NQXUC1,1
ID_4SE2KY,0
ID_3HG939,0
ID_13HLOZ,1
ID_0OXFQ8,0
ID_H5YWL9,1
ID_BH6NQQ,0
ID_0YUCQE,0
ID_6RNCKR,0
ID_EEV7IN,0
ID_W9D2OL,1
ID_HUAMHM,0
ID_57HLSZ,0
ID_Y09SGW,0
ID_SF699P,0
ID_6KB9Z7,1
ID_HPMXPK,1
ID_WAVIAT,0
ID_3S9UCK,0
ID_W1B4LI,0
ID_D7YXW1,0
ID_H4K4JK,0
ID_XI8E55,0
ID_TCKEH5,1
ID_CG99L3,1
ID_NC0I4X,1
ID_MSY5YP,0
ID_NU9QRK,0
ID_H2NXXM,0
ID_AI2278,1
ID_QNM6XV,0
ID_M2HUT7,0
ID_WG4DI2,1
ID_D9REXP,0
ID_ZH4YYB,1
ID_809QC5,0
ID_XMVW0N,1
ID_JRM97P,0
ID_WYO653,0
ID_K26GFX,1
ID_M1XGB1,1
ID_OI5G6X,1
ID_VTX6PO,1
ID_T09CLU,0
ID_40WEDM,0
ID_U87CM4,0
ID_NT2TC8,0
ID_GNWNL7,1
ID_UMX00Y,1
ID_QQO7BG,1
ID_WY3I07,0
ID_B0B1YO,1
ID_Z9AD5Y,0
ID_2HJJHM,0
ID_9MIDUX,0
ID_3JONOU,0
ID_D3Y82F,0
ID_C4951A,0
ID_ATLY4W,1
ID_6SGW2N,1
ID_ELZAWR,0
ID_A7YPCF,0
ID_CP83JU,0
ID_ZNX80E,0
ID_2J60V4,0
ID_91I3VM,1
ID_CVTN9S,1
ID_VV7RMN,0
ID_C23U2G,1
ID_ZLQEIR,0
ID_OFIPZN,0
ID_8G8JDP,1
ID_NQQA4P,0
ID_VRUFFD,1
ID_U534Q4,0
ID_PKLJ67,0
ID_V21NDC,0
ID_DNHYOG,0
ID_Z3FU0L,0
ID_MQXMQO,0
ID_NNLO0H,2
ID_HAGKC4,0
ID_9MSZR0,0
ID_UNQHNV,0
ID_YLU58F,0
ID_WGSKWD,0
ID_O1P98S,0
ID_DCUJQ6,1
ID_TTC954,0
ID_Z1MFIH,1
ID_6XN6LC,0
ID_E58F3O,1
ID_K3FDJ2,0
ID_2R6U0M,0
ID_7VH1YG,0
ID_RUCPRK,0
ID_M8NZF6,1
ID_3WXA73,1
ID_HZYZTE,0
ID_LE4A2G,1
ID_I5BLW4,0
ID_IYQBVT,1
ID_GK6T9D,0
ID_YEMNNP,0
ID_COWEEV,0
ID_DIBBFR,0
ID_W2EOWL,0
ID_GSCMNU,0
ID_BZKL5T,1
ID_RBGWVN,0
ID_OMFFK4,0
ID_SUP0GA,0
ID_NTUSJX,0
ID_Y0W58D,1
ID_CJG8VU,0
ID_FGGK82,1
ID_2VRPK9,1
ID_05ZHI6,1
ID_53EGDD,0
ID_JMZ5K9,0
ID_H82ODS,0
ID_TG21HS,0
ID_YGE3VJ,0
ID_HPNPK2,0
ID_JMH6T4,0
ID_ZG2VG3,1
ID_1CMDRM,0
ID_C41Q6L,0
ID_IKA7LX,1
ID_ZDQ3W6,0
ID_THODZZ,1
ID_XJ93DR,0
ID_7ZJ8FN,0
ID_7BLW9M,1
ID_SMQL2T,0
ID_QEAEQ2,0
ID_HGKTPG,0
ID_3E4XYF,1
ID_VL9V73,0
ID_4US73W,1
ID_YHRFOZ,0
ID_O9TNTY,1
ID_OQIFJ8,0
ID_2E077U,0
ID_PVEG4D,1
ID_1U5XI1,0
ID_5EUSC7,0
ID_RAZMDU,0
ID_LJT18Z,0
ID_30L1R9,0
ID_JL8EZ3,1
ID_NCAD4Z,1
ID_GATJ9T,1
ID_25X1FV,0
ID_KB47Y7,0
ID_357BD0,1
ID_QD9ANO,0
ID_JX084D,0
ID_NXV50O,0
ID_GIQDZ7,1
ID_BV2J3T,1
ID_JQTF8N,0
ID_TQ824H,0
ID_SOT56A,0
ID_MSPZPD,0
ID_VI052U,2
ID_5RPBLA,0
ID_Z53GWT,0
ID_DQVUL7,0
ID_ZCOTOH,0
ID_Z2ZMIG,0
ID_PKN646,0
ID_KT4P6C,0
ID_H2BVWV,0
ID_B0ORR5,0
ID_E34JL7,0
ID_WKZM92,0
ID_9T84AZ,2
ID_SXOF6T,0
ID_2RGWHG,1
ID_93ACZS,0
ID_NKBTFS,1
ID_QEJ6FD,0
ID_G1L11O,0
ID_GGSPAJ,0
ID_F8RSJR,0
ID_0WYYQN,0
ID_7GIU13,1
ID_FU4B9S,0
ID_UZNO5M,2
ID_CDK36M,1
ID_8AB13T,1
ID_RP8GUU,0
ID_PW3HHI,0
ID_7JMREV,0
ID_6ORGER,1
ID_6NYYCJ,1
ID_ZVLHYL,0
ID_SKYKZ1,2
ID_I20AK6,0
ID_X9WLW4,0
ID_UYUCEC,0
ID_O6JRU7,0
ID_ZN5H5J,0
ID_J80E7N,0
ID_422TA8,1
ID_LKFBK9,0
ID_9W2ZZS,0
ID_YVMDH6,0
ID_JJEY7Q,0
ID_1RDOLP,0
ID_B57L13,1
ID_1XERP3,1
ID_1POXRT,1
ID_IMI0G8,0
ID_9VB92G,0
ID_PDOLXC,0
ID_BALHJH,0
ID_LP8UW1,0
ID_R1H69M,0
ID_6SIF6D,0
ID_NR53F5,0
ID_ABAZD8,0
ID_0N8MZ5,0
ID_YQ5QHS,0
ID_HG5ZMT,0
ID_F3JPHN,0
ID_3GXJ0M,1
ID_MZPSCT,0
ID_TSUJT7,2
ID_VTFMRM,0
ID_SEHJ0Y,0
ID_DIOHML,0
ID_UZFJAL,0
ID_H9VGKY,0
ID_N04FDT,0
ID_HCJOJZ,1
ID_PJ7K99,1
ID_XB9YO1,2
ID_81RXYR,0
ID_BUQIQM,0
ID_0UI22K,1
ID_1ZAQ7Q,1
ID_6QROLN,1
ID_B41G87,0
ID_AWHLQ7,0
ID_NNTXRG,1
ID_Q03JWW,0
ID_ZSA7YV,2
ID_HN6MGW,0
ID_W62AIA,0
ID_020ZTX,0
ID_Y72IVG,0
ID_Z17A8R,0
ID_GLAF8Y,1
ID_Z17YBE,0
ID_MPXQ3X,0
ID_RM43GM,0
ID_L3M871,0
ID_SSUMH0,0
ID_11NAE2,0
ID_P61LFC,0
ID_I909N7,1
ID_N5MUY0,0
ID_LEJVGI,0
ID_R5SWK8,0
ID_38YHED,0
ID_U0UONU,0
ID_WXLCIU,0
ID_PX71M8,0
ID_AZXKDQ,1
ID_0NW0F3,0
ID_ZM12AW,0
ID_BKPIQN,0
ID_I6FQJJ,0
ID_BQCND5,0
ID_JA6MIH,0
ID_BD2SCE,1
ID_M5ZJA8,0
ID_6WEGGH,0
ID_U5MTXS,0
ID_6ABQR8,0
ID_SEXVR2,1
ID_U4XSZJ,0
ID_EKJS7Y,1
ID_R3PT47,0
ID_0N9CC7,0
ID_SCU6MX,1
ID_RC474U,0
ID_I3QK2I,0
ID_9JVB6H,0
ID_4JNLMK,0
ID_8Z1XIE,0
ID_QT53BZ,0
ID_T9N44F,0
ID_1EKVIP,0
ID_8MWE77,0
ID_E2ATN2,0
ID_KPL3CH,0
ID_M4PSQN,0
ID_NTJK2G,1
ID_DJJFNF,0
ID_TUH08L,0
ID_14NIJC,1
ID_OWAPCQ,0
ID_Y31ZR7,0
ID_JBQU11,0
ID_S859TX,0
ID_CRYSAU,0
ID_JD2V1L,1
ID_KFZQFO,0
ID_EAZVW7,0
ID_YMRRQS,1
ID_RFIUPR,1
ID_EFOJHO,0
ID_4XO06R,0
ID_3VQJDD,0
ID_TJHL93,1
ID_BETRLZ,0
ID_FOY4DD,0
ID_R8T945,0
ID_3K8A7R,1
ID_EDPLHR,0
ID_8714NB,0
ID_LED1LG,0
ID_W5FKNJ,2
ID_EL33PC,0
ID_72VFW1,0
ID_YJB48W,0
ID_FICLRE,0
ID_D7TZG3,1
ID_VHYGQZ,0
ID_WMEJKE,0
ID_G78IA6,0
ID_KQKP90,1
ID_EBXGKY,0
ID_ZTBQ56,1
ID_W3CHNJ,1
ID_MX0RDT,1
ID_4WSQT2,0
ID_61BRFY,0
ID_CMBVPT,0
ID_PC9SPW,0
ID_PRTZUF,0
ID_M1TM27,0
ID_4LAUSK,0
ID_WNQXAR,0
ID_BOCHTC,0
ID_MHVKCX,0
ID_0YMXNE,0
ID_NEEWKI,1
ID_02NMSI,0
ID_9DXOQ2,0
ID_ZBMP4J,0
ID_M7U4AK,0
ID_7ZPQFG,0
ID_3IE68P,0
ID_PT55HT,0
ID_8J0KKA,0
ID_CPJ8R1,0
ID_6BRJDN,1
ID_8OGA0X,1
ID_S7DXD9,0
ID_ZMVYD4,0
ID_ZV2GWU,1
ID_PWH0MX,0
ID_9ZC2WO,0
ID_MLGSES,1
ID_FLHLX0,0
ID_1T2TAL,0
ID_VE5RZU,0
ID_PUN5DG,0
ID_5DBDXB,0
ID_CH77WR,0
ID_A3IDY3,0
ID_977YY5,1
ID_U1BZQW,0
ID_UEIHX7,0
ID_Y0BVR6,0
ID_A0WQOF,0
ID_2ATGXI,0
ID_RDQV9K,0
ID_NECQOR,0
ID_1S6EQX,0
ID_33S5R2,0
ID_LFCOP4,0
ID_LV6TX0,0
ID_M5NS30,0
ID_OBIRY8,0
ID_EMBYV6,1
ID_P77946,0
ID_IAVPTS,0
ID_OJ4X9O,0
ID_N2WKIY,0
ID_N3CIHM,0
ID_S8CHKC,1
ID_X9ULLP,0
ID_3VVVF7,1
ID_BHEYYS,0
ID_HFT4I2,0
ID_E358TR,2
ID_XO9T7E,0
ID_3LXSY4,1
ID_IH1XDP,0
ID_QGYIW5,0
ID_W06NY4,0
ID_9R17WL,0
ID_EJSX09,0
ID_LQ3VXH,0
ID_SDP8MV,0
ID_YGMGIE,0
ID_11LGPK,0
ID_XQ531D,0
ID_FEFPQ5,0
ID_7Q15WH,0
ID_G6OOH1,1
ID_YGYNKI,0
ID_WFCY40,0
ID_U5OEJ8,1
ID_IKT2KF,0
ID_TACY15,0
ID_8BV5ZH,0
ID_ERY74R,1
ID_JSBNU6,1
ID_WQX1N6,0
ID_4U3WO2,1
ID_37ODN6,2
ID_PQYASY,0
ID_DOOF2J,0
ID_51VUTP,0
ID_LYBWGM,0
ID_Z8KV8N,0
ID_6TUKXN,0
ID_W4JQZ1,0
ID_Q9JUUL,0
ID_0I7MTP,0
ID_HLI5L6,2
ID_TXP0SH,0
ID_488PKW,0
ID_YGZCUJ,0
ID_SAYRSZ,0
ID_V3UTCP,0
ID_CIJJRX,0
ID_P5RO8Q,0
ID_4C3G4C,1
ID_7V3M13,0
ID_LXN32N,0
ID_Q2OAZF,0
ID_C8CYNL,2
ID_8D1SPD,0
ID_VUFXFL,1
ID_L4J1PJ,1
ID_XXA6BM,0
ID_WNPR42,0
ID_K94W6W,2
ID_PNZASY,1
ID_52XOVY,0
ID_6ASSSU,0
ID_KKIUY5,0
ID_OECQZ0,1
ID_7QPM29,0
ID_CD1W6R,1
ID_KO8ZS8,1
ID_S5ZXQO,0
ID_NGC4XA,0
ID_0VA0ST,0
ID_OA83Z7,0
ID_FNS6UV,0
ID_10PJE7,1
ID_IIPS8Q,0
ID_ZUWQFF,0
ID_SV51TK,0
ID_JCEJMN,1
ID_3RXDT5,0
ID_A0GURG,0
ID_SDLNIT,0
ID_U0T566,0
ID_FHLGEM,0
ID_5WBQAL,1
ID_XF823Q,1
ID_IRIO74,0
ID_YYWZL0,0
ID_PAY1T5,0
ID_8OZCYW,0
ID_675TG9,0
ID_WSFDIB,0
ID_JWWBK8,0
ID_Q1JNY6,0
ID_WW12TP,0
ID_ROIAW9,0
ID_E8NFRA,0
ID_DHVS41,0
ID_DJD1XB,0
ID_9DD5S0,1
ID_DTBYRG,1
ID_3VM1U0,1
ID_BSEPR1,0
ID_BJHY3M,0
ID_Q22AJX,0
ID_E8IV8A,0
ID_XOF33Q,0
ID_PE7YKR,0
ID_U8OXM9,0
ID_F4S2NI,0
ID_INSTQC,1
ID_HZX7ZB,0
ID_X8WB80,1
ID_KGFZ9Y,0
ID_HDLQH1,0
ID_LCQXIP,0
ID_DZIWF9,0
ID_8OM08T,0
ID_L2FX35,0
ID_JK66KE,0
ID_VF8QFB,0
ID_6NEOAZ,0
ID_O4RLE9,0
ID_2KUGEO,0
ID_5CS9UI,1
ID_BLF5SD,0
ID_D0771H,1
ID_Q99FR8,0
ID_7WLYZF,0
ID_A26YFP,0
ID_OUN91F,1
ID_0V0NJJ,1
ID_C81DO6,0
ID_VY32I3,0
ID_9JHQZL,0
ID_NYXTXM,1
ID_G2LBWT,0
ID_DKRLC0,0
ID_B87T93,0
ID_QDWB32,0
ID_UL4AE6,0
ID_F6XDN8,1
ID_887TLE,1
ID_3DVYJH,0
ID_GV10K6,0
ID_NF27E6,0
ID_25WOE9,1
ID_2QZSKH,0
ID_IC67W5,0
ID_S8J24T,0
ID_6T1OXH,1
ID_UWVW1P,0
ID_RN4FLH,0
ID_JRPE2X,1
ID_7BXA2K,1
ID_E497V6,0
ID_0NCNMG,1
ID_F2HEQY,2
ID_HYNHY8,0
ID_D3BGNP,0
ID_2A3WG1,1
ID_SPD2SW,1
ID_QG4QLV,0
ID_JF4UQM,0
ID_C1YUZP,1
ID_7ODM6I,0
ID_NZKRSN,0
ID_FCC2SW,0
ID_BR4F2Z,0
ID_ZRJ48L,0
ID_ZF1U6V,0
ID_VZ0PAE,0
ID_22ZJ71,1
ID_EF0VOT,1
ID_DM4ACR,0
ID_XT6YEY,0
ID_1SXXRP,0
ID_RXXWFM,0
ID_JW8357,2
ID_YYFK31,0
ID_5TQSYQ,0
ID_MIQACA,0
ID_G19QGU,0
ID_CECI1Z,0
ID_MEL61G,1
ID_LG2LC3,0
ID_CQEKIU,0
ID_YK7YQ5,0
ID_QMPUYW,0
ID_6MXRF9,0
ID_R1AR6U,0
ID_EO9NX5,1
ID_6GVWRD,0
ID_P1K8UR,0
ID_EYSU7E,1
ID_N9EQRJ,0
ID_T9ZJJY,0
ID_HSQ332,1
ID_7193Q1,1
ID_4MW04I,0
ID_MRNFIE,1
ID_VB9HXK,0
ID_H5ZXRQ,0
ID_1CAO8W,1
ID_T95XJ3,0
ID_SNHFOQ,0
ID_RIFWR0,1
ID_AD2C4X,0
ID_MQP7RX,0
ID_0909JF,0
ID_R62GDS,0
ID_PU1FH7,1
ID_HN3F9Z,1
ID_CBBCMM,0
ID_NUL5DY,0
ID_2LBM2Q,2
ID_EADCT1,0
ID_RAEJPF,1
ID_L6SO28,0
ID_IQICB5,2
ID_YTE9AF,0
ID_HECFXW,0
ID_UTFEFZ,0
ID_F63BLS,1
ID_IPJIYL,1
ID_5PEPL7,1
ID_Z67YYK,0
ID_1ARR5T,1
ID_PI9ITJ,0
ID_42A368,0
ID_IEC4D1,0
ID_JPZTC0,1
ID_2D0CFI,0
ID_DC112H,0
ID_OUHYLU,1
ID_GGGKYC,0
ID_MXVWBQ,0
ID_92SJP7,1
ID_P2S07J,0
ID_9M2KKT,0
ID_L83KKO,1
ID_2DA5B4,1
ID_1BL6F6,0
ID_W0Z69I,0
ID_82CUDL,0
ID_511VS0,1
ID_SCNKL4,1
ID_KZ36U8,0
ID_DCITEG,0
ID_XN1FVQ,0
ID_FNKOMV,0
ID_YK820P,0
ID_CW9RTN,1
ID_NARUR3,0
ID_ZCCXWI,0
ID_6E8XTM,0
ID_EZ8QSP,0
ID_G4PDFC,1
ID_NRAUZ7,0
ID_2ZKF5B,1
ID_FZQC7X,1
ID_1LEQI9,0
ID_S7HGH5,0
ID_5DSRYS,0
ID_ME6F4O,2
ID_JSYXUF,0
ID_7X3BQW,0
ID_XZ6UK1,1
ID_U8HRAV,0
ID_IVDTS8,0
ID_O1CMRT,0
ID_25JT3M,0
ID_COF313,0
ID_ZDWP73,0
ID_SGPYNY,0
ID_4EHMW5,0
ID_RTZW44,0
ID_146VEY,1
ID_3ON4FG,0
ID_FQSDQ2,1
ID_VNLDCK,1
ID_E5AJR1,0
ID_A47AA6,0
ID_1GF4OF,1
ID_S6AYLL,0
ID_FRBOO7,0
ID_3RZN9L,0
ID_IT1LB8,0
ID_RNTP3C,0
ID_V23U50,0
ID_Q7JBMJ,1
ID_MBO4KF,0
ID_0Z86HE,1
ID_1GQIT8,0
ID_T6TCJA,0
ID_JP8FWP,0
ID_I41RVA,0
ID_D0W9RY,1
ID_66VW9B,0
ID_M271W1,0
ID_JONDTW,1
ID_ACT498,0
ID_YSRNYZ,0
ID_QLYLEW,1
ID_WQ1GAZ,0
ID_PMPCEJ,0
ID_XFSHWZ,0
ID_FYCCGZ,0
ID_IG4E8Q,1
ID_7EUAQ3,1
ID_JPMLNL,1
ID_398NLI,0
ID_SB4HY6,0
ID_SDI15H,0
ID_EAGWP8,0
ID_P5I97B,1
ID_3OE9VU,0
ID_FQTG7H,1
ID_J5R2SL,0
ID_TKRRVW,2
ID_DLP0IR,0
ID_DSP7IO,0
ID_L3G0D2,0
ID_2GRRDN,1
ID_PFK6M7,0
ID_DLOR2T,0
ID_2QJI47,1
ID_TVGTEK,0
ID_MPH9FE,0
ID_V0DSZR,0
ID_A2IZ5P,2
ID_IWZOD0,0
ID_LKW5E1,0
ID_IWZWT9,0
ID_A2WSFJ,0
ID_R024LP,0
ID_VOANPA,0
ID_V003KG,0
ID_2XUVF5,0
ID_S925WO,0
ID_WBQHSM,1
ID_XKJTAV,0
ID_R9PE6C,1
ID_5G6JZ0,1
ID_GAS0R7,1
ID_0XPQD4,0
ID_FKYOF4,0
ID_E4QVTD,0
ID_ZVOWI0,2
ID_0KK9JG,0
ID_ZLCH2X,0
ID_ZS3M0J,0
ID_5OWK1L,1
ID_FWXEJ5,0
ID_76F83E,0
ID_3OPPOY,1
ID_F89LPB,0
ID_RMVCDW,0
ID_F1XNVB,1
ID_LKTOBY,1
ID_RE2U7F,0
ID_RVCNIG,0
ID_0FEEB9,0
ID_5WFW5Q,0
ID_E1SFXU,1
ID_CJ1MK9,2
ID_MEMTO2,0
ID_S0MXVL,0
ID_72F9S5,0
ID_GIQT67,0
ID_THLVJY,1
ID_5T6V8V,0
ID_TI2V0Z,0
ID_R3URMW,0
ID_9T1HW2,0
ID_PCC3ZK,0
ID_Q4AW8J,0
ID_GQ01TE,2
ID_TP6QAQ,2
ID_R70UT1,1
ID_HTH24P,0
ID_1XUHDG,0
ID_4LPQK5,0
ID_2VIUAD,0
ID_LXGWS5,0
ID_HTTSW5,0
ID_F0EZT9,0
ID_3YJTU7,1
ID_W4Q46D,0
ID_KMCMXZ,0
ID_433E1I,0
ID_EUBHS1,1
ID_2D5VR2,0
ID_VBYE9S,0
ID_AADU90,0
ID_XNTJW3,0
ID_DCIROW,1
ID_O4QFAC,1
ID_VUF7Q2,0
ID_Z1B98V,2
ID_OSZQG6,0
ID_XX5FZH,0
ID_RONTDI,0
ID_RM3WP8,1
ID_H7N1BQ,0
ID_J9S8U2,0
ID_T2BAS5,0
ID_RRVGMD,0
ID_E1SOFP,0
ID_1QQUAX,0
ID_1BJE9X,0
ID_CR9D47,0
ID_K4X1FD,2
ID_3THZOU,0
ID_RGKQ8U,1
ID_M0P9IW,0
ID_OC6P3F,0
ID_SIWFVI,1
ID_XCY5U4,0
ID_NOUHTC,0
ID_D3IRVX,0
ID_UN6FHT,1
ID_XS8RWG,0
ID_L5N6HD,0
ID_8OAGP0,0
ID_YOA0Y3,0
ID_M9DEOC,0
ID_RZVZZG,0
ID_4BS4KU,0
ID_ICE7W6,1
ID_976F7P,0
ID_WWIIF8,0
ID_EH0QBV,0
ID_WHKVL3,0
ID_KJ6XHP,0
ID_FYO175,0
ID_CSQL6G,0
ID_QG1IXB,0
ID_R64L4Y,0
ID_FFAHT4,0
ID_840982,1
ID_NHVYWU,0
ID_12X3NC,1
ID_3D4D32,2
ID_7BVZQ8,0
ID_X5GGOM,1
ID_QW8K0R,0
ID_1PY75W,0
ID_7DGT60,0
ID_7CRRBI,0
ID_HXNRU4,0
ID_R5T9L1,0
ID_8YFH3X,0
ID_049ENU,0
ID_19LZH3,0
ID_C07LBL,1
ID_8F6FTS,1
ID_5M9FER,0
ID_SBRP14,1
ID_4QXXVA,1
ID_21OT0A,0
ID_CF1EK6,0
ID_6YRGC5,0
ID_09AMPT,0
ID_VDKZG5,1
ID_HB1MTR,1
ID_8D0MZH,1
ID_CILM1G,0
ID_41G20D,0
ID_QP6XGH,2
ID_LLH22B,0
ID_1T6ERQ,1
ID_MV0Y8X,0
ID_7F8T3K,0
ID_2SETB9,0
ID_LYO3SG,0
ID_AY3SM1,0
ID_1P7XHZ,0
ID_BZS99D,0
ID_F09UYG,0
ID_GWKIDN,0
ID_84JRH8,0
ID_B2KNFT,0
ID_7UACCI,1
ID_LQJIDK,0
ID_YZWP4T,0
ID_2RAS84,1
ID_B5BAVO,0
ID_1GPT49,0
ID_6QGOVU,0
ID_2MAIET,2
ID_2BILNP,0
ID_GJ35JD,1
ID_EX5DEV,0
ID_2Y0OY5,0
ID_AAOO91,0
ID_9BT78K,1
ID_4K3AWL,1
ID_FRSATQ,0
ID_RGYBXK,0
ID_3T14LY,0
ID_4FODMJ,0
ID_97SZPL,0
ID_BQY3OT,0
ID_35AZNP,0
ID_BTOBA8,0
ID_HOPQ0U,1
ID_OAD78Q,0
ID_0SXG4X,0
ID_A8WZJW,1
ID_CV71E4,0
ID_CYWE3D,0
ID_DPT6PK,2
ID_U08L4P,2
ID_P1B4K5,0
ID_1JLIDI,0
ID_NX1KHQ,0
ID_DE0L1O,1
ID_7JXJN6,2
ID_DA9OEK,0
ID_5C7RSM,0
ID_AHW9TT,0
ID_ULGTDT,0
ID_JFEDTE,0
ID_SRNKRB,0
ID_88R29F,0
ID_R78L1M,0
ID_9BG74E,1
ID_WU7C8X,1
ID_N6OQJ6,0
ID_TX8J1C,0
ID_9N1D6D,0
ID_XWNKPZ,0
ID_N07EA2,0
ID_0UY9F8,1
ID_M8MRYK,0
ID_2LNNW1,0
ID_OY7GNJ,0
ID_S3T7C6,0
ID_22O1TF,1
ID_G86WFY,0
ID_G6C615,0
ID_ZBF97C,0
ID_UQXDDL,0
ID_Q7GXFX,0
ID_73AEEP,0
ID_3P4LFD,0
ID_OYS78Y,0
ID_N573VJ,0
ID_Q3U91F,0
ID_LED0Z4,0
ID_HXCX8G,0
ID_MTSWAA,0
ID_9B7C8D,0
ID_VH5Y6F,0
ID_P6VMJO,0
ID_IVWOE5,0
ID_CTEL74,0
ID_YHUIVG,2
ID_WVTQQK,0
ID_DGLSQ5,1
ID_3TD7UR,0
ID_K7DD1T,0
ID_ZF8ADF,0
ID_6FSRKQ,1
ID_PAYGAA,1
ID_ETYR9X,1
ID_8KKLSE,0
ID_41YB60,0
ID_PYWDRD,0
ID_D2TO1K,1
ID_CSG4OF,0
ID_OAD304,1
ID_OVCCI6,1
ID_Y6C5TG,0
ID_GCJ2TJ,0
ID_H1425L,0
ID_VHDK8L,0
ID_ET8P1H,0
ID_QS1BHL,0
ID_2O4H1I,0
ID_477Y6Z,1
ID_WJWXYO,0
ID_JP1ILR,0
ID_DIU321,1
ID_4RX6PR,0
ID_WJZXC7,0
ID_5TAO1C,1
ID_6DMJLX,0
ID_IPQ187,0
ID_CRGB93,0
ID_KPSCEB,0
ID_KII80N,0
ID_IIQKDX,2
ID_ZXD82B,0
ID_DDAFS1,1
ID_YJXRPJ,0
ID_EK4AEG,0
ID_VOKQY9,0
ID_OKAEWF,0
ID_K0H2K1,0
ID_N8UH2M,1
ID_Y6FD62,0
ID_KZADBS,0
ID_AJ80CS,0
ID_DWCJTA,0
ID_RT2L2I,0
ID_RZZSBL,0
ID_TEKATK,0
ID_L6KE3H,0
ID_KH87CY,0
ID_QD6R5F,0
ID_00WNT0,0
ID_E41OFV,1
ID_G6CD2I,0
ID_J0UFO2,1
ID_ZD9M0A,0
ID_GK6YUL,1
ID_HE9G1B,1
ID_KC4GSY,0
ID_OWXZO4,0
ID_HRBFGC,2
ID_JWV2QN,0
ID_O9RE3D,0
ID_37C6QC,0
ID_K3GPI3,0
ID_NSPN5M,0
ID_ALLSSF,0
ID_20HH28,1
ID_7GE7MG,0
ID_N14RBH,0
ID_SGQ9WE,0
ID_DL87XP,0
ID_JX5TD4,1
ID_CCRBF4,0
ID_WNAZMP,0
ID_A5U6HC,0
ID_2O1LIY,0
ID_C669PS,0
ID_GJMQ6G,0
ID_CS5834,1
ID_P3A8N5,0
ID_GZMK8J,1
ID_LO87TQ,0
ID_HRUMMT,0
ID_0K2T9Z,0
ID_XMABL3,0
ID_UW0V0I,0
ID_BCBABT,0
ID_6WZS3T,0
ID_MPD7Z4,0
ID_I8XQ6T,1
ID_O2TLA2,1
ID_BV0DEO,1
ID_ZBAMD9,0
ID_C9PUBK,0
ID_ICD0LS,1
ID_9FG4UB,0
ID_1FLMNA,1
ID_TD7KFN,1
ID_0EN4IE,0
ID_JCY4V8,0
ID_0Y0WLI,1
ID_HHXFGC,0
ID_K38CJT,0
ID_UIX6HT,0
ID_WUQAYG,1
ID_0A78P5,0
ID_K0EXC1,2
ID_W9BFC0,0
ID_T7DHT8,0
ID_CFS831,2
ID_67ST8L,2
ID_QCJNIY,0
ID_F0NSGT,0
ID_3WESPB,0
ID_K47SL7,1
ID_FQGDM1,1
ID_16LBUW,0
ID_DDVYYQ,1
ID_X8XU2P,1
ID_CGNDJP,0
ID_BI2MKN,0
ID_3Q1D05,0
ID_X6WB68,1
ID_08RWQ1,0
ID_TIKYNF,0
ID_ESNE8Q,0
ID_ZI5IKZ,1
ID_KQCAUE,0
ID_GONI9H,0
ID_PD327K,0
ID_7YT2M6,2
ID_224YL5,1
ID_X6XDA7,0
ID_8VHMEW,0
ID_RY58VR,1
ID_BTLVVB,1
ID_5V1CIH,1
ID_TOS87M,1
ID_GJPQOH,0
ID_4MS4H2,0
ID_EH8HYF,0
ID_GSFWMS,0
ID_MPGGD0,0
ID_5CIKAN,0
ID_0JEZ4U,0
ID_MW04U9,1
ID_W4BQP3,0
ID_IIO3BD,0
ID_E8C6TC,0
ID_90ZCQL,0
ID_D5SO2N,0
ID_12LC9B,0
ID_EVJLZF,1
ID_PEQYDB,1
ID_7V1QSA,0
ID_8TFXSW,0
ID_SSUZ1Q,1
ID_CO59AV,0
ID_7G4MJZ,1
ID_H6K9G1,0
ID_4EPXR9,0
ID_UV73L5,0
ID_E9QDI3,1
ID_FTQ973,0
ID_UQHAJ2,1
ID_F3LRCX,0
ID_4GMA4I,0
ID_LL9RZR,0
ID_VER0DR,1
ID_YTJPTV,1
ID_FTJ6AC,0
ID_72FEB3,1
ID_54MAPH,0
ID_KJCO6M,0
ID_1J55CU,0
ID_Z8UUG9,1
ID_IK1B5F,0
ID_IJLMAE,0
ID_LN9TLY,1
ID_UHIF80,1
ID_3OKO3V,0
ID_XZ3ADH,0
ID_IY2S53,0
ID_FDXK31,0
ID_TC0Z7Q,0
ID_DQ8G2K,0
ID_7VXUQD,1
ID_I3LAQV,0
ID_QXGYMY,0
ID_CYYPQ7,0
ID_I3AL6E,0
ID_J56UTD,0
ID_NQ323L,0
ID_TD96QE,0
ID_CL5EFJ,0
ID_LSV2IF,0
ID_EL8MWO,0
ID_6BU9XR,0
ID_VNHDCZ,1
ID_XX3LNC,0
ID_10VR2B,1
ID_IQ7ZFV,0
ID_KZGGM0,1
ID_EHQ403,0
ID_V6LOI5,0
ID_ZSUZPO,0
ID_H4TNPU,0
ID_RL5QR4,0
ID_SSZXQT,0
ID_EJGNZF,0
ID_HDPWVB,0
ID_RB58YJ,0
ID_PDTZ91,0
ID_YELDAU,1
ID_LUZK3V,0
ID_OG996J,0
ID_L9TQVD,2
ID_ILBQNW,1
ID_MOZKNH,0
ID_TI2HUX,0
ID_O7V1IZ,2
ID_DWD5C7,0
ID_0ZIA9A,2
ID_9SB5MB,0
ID_8KSZBF,1
ID_0HTZY5,0
ID_WB7TZP,0
ID_5MCQGZ,0
ID_FF2X5Y,0
ID_GYNIOL,1
ID_HSBMEK,0
ID_JJ9GZK,0
ID_JU68OS,0
ID_6C6ZH6,1
ID_SG7D32,0
ID_QZXY4A,0
ID_5JHR72,0
ID_RI8BIX,0
ID_XY16ZG,1
ID_RLEXDW,1
ID_XPESHA,0
ID_VRYR26,0
ID_7HTSB6,1
ID_4JUFN2,1
ID_SKI4AI,0
ID_P6MKT7,1
ID_N9UQ7R,1
ID_GURT1R,0
ID_FZZDVG,1
ID_G2GZR7,0
ID_XA859T,1
ID_0CJBMU,0
ID_MNA9TV,0
ID_TN0PLC,2
ID_XYPHWH,1
ID_8804FI,0
ID_SR7SH2,0
ID_H55HEW,1
ID_JPCMW0,0
ID_20C1N0,1
ID_LN3OX5,0
ID_6US7RP,1
ID_E40KZU,1
ID_SOYG9Z,0
ID_GCSOTD,1
ID_UHBX6A,0
ID_24FJ57,0
ID_9NGQ6T,1
ID_QUO2XQ,0
ID_53IPP1,1
ID_CCE4HA,0
ID_3JFW79,0
ID_94874F,1
ID_4TKVV7,0
ID_X598K2,0
ID_TO0WZN,0
ID_N34O6P,0
ID_Y105XU,0
ID_TVB9WB,0
ID_YMZT0C,1
ID_N6V3RZ,1
ID_DM2HEP,0
ID_6UJKAE,1
ID_48B890,0
ID_E5YAZH,2
ID_TC7I85,0
ID_0OTGPE,2
ID_YV37DI,0
ID_U6MQBI,0
ID_I1GK2U,1
ID_9Q44DV,0
ID_I5ILHR,0
ID_61Y2X6,0
ID_ML5UGD,0
ID_VTCODA,0
ID_AVPM6D,0
ID_47DVCF,0
ID_YME6RP,0
ID_4UGG6S,0
ID_6K33UF,0
ID_9SHQ8B,0
ID_IO4X85,0
ID_UT2UTC,1
ID_OJVVF0,0
ID_P89UKA,0
ID_10PKTN,0
ID_S62C1J,0
ID_1GW7RY,0
ID_XOATMZ,0
ID_DV9NM3,1
ID_YF9JKN,0
ID_B5HSTS,1
ID_UDKEZH,0
ID_CJ0OSO,0
ID_SM149M,0
ID_IAXUFV,0
ID_Y9MZE9,0
ID_2I477P,0
ID_2U8U23,0
ID_K0VGL2,0
ID_3DN1TJ,1
ID_8G4BUE,1
ID_KCOVRX,0
ID_K7917X,0
ID_ECHZSW,0
ID_RFEGCX,0
ID_KI4JKJ,0
ID_BBMZJ2,0
ID_4OF633,0
ID_FBDN2G,0
ID_7YTXWC,0
ID_R4UT6F,0
ID_P0NFDD,0
ID_IOPRA5,0
ID_8ZUFJW,0
ID_2Q4M8N,0
ID_8DY3PW,0
ID_3RWK3O,1
ID_IDFWA8,1
ID_IG6UO3,1
ID_5E51H3,2
ID_CBHHLK,1
ID_Y9YTJU,1
ID_Q8ZGVW,0
ID_L7W05Y,0
ID_7ZFZTO,1
ID_LFLOH5,0
ID_SM4FSH,0
ID_JOD5JG,1
ID_62OEDR,1
ID_K02LVU,0
ID_NXRL47,0
ID_42DWZU,0
ID_I5GSE1,0
ID_8X65Z3,0
ID_Q36ZPM,1
ID_43TUYK,0
ID_5XMUFU,0
ID_3ZKWDE,0
ID_HETZXA,0
ID_OO0AHW,0
ID_TDYWM8,0
ID_GYR58M,0
ID_JPT2ZL,1
ID_U3F0ME,0
ID_WT805Q,1
ID_YPQR0V,0
ID_NY7CY2,0
ID_YVII1V,1
ID_U7C1A7,1
ID_2H394L,0
ID_ASIKZO,0
ID_OFUOE7,0
ID_F1HX6Z,2
ID_80PZY0,0
ID_79QZ2D,1
ID_3OCWBF,0
ID_OXWCRR,1
ID_BYGHGK,0
ID_DFDM71,0
ID_FULZ2A,0
ID_TNTKR3,0
ID_TUWFV2,1
ID_4SCAAJ,0
ID_0L8LPH,0
ID_ILH4EB,0
ID_GZF2UM,0
ID_F9HKJF,0
ID_EVSTYG,0
ID_BWQTVL,0
ID_36I2Y0,0
ID_U4L0BY,0
ID_KL5EZ2,0
ID_M4E622,0
ID_NROA2N,0
ID_F4X2JP,1
ID_WVWORL,1
ID_PAIIUC,1
ID_5YB35O,0
ID_E7PI8W,0
ID_Y1FZK9,0
ID_R6MSB2,0
ID_PUWFQ9,1
ID_LAJM3U,0
ID_JMWUOC,0
ID_4KFOCN,0
ID_D44NDV,2
ID_XOX3MS,0
ID_PA18QT,1
ID_TEBTLD,0
ID_KHL1CR,1
ID_YDNRB3,1
ID_5A36E1,1
ID_SU2MSG,0
ID_3KOMPO,0
ID_FBMENU,2
ID_1HW3GM,0
ID_P96XJL,0
ID_JIC51M,0
ID_PADRKU,0
ID_WG5742,0
ID_9VA98B,0
ID_SZ2KUU,1
ID_UZ8DU9,1
ID_ICFARY,0
ID_8F8C8C,2
ID_LVZFAA,0
ID_RBCSC8,0
ID_ECV84X,0
ID_CKONRH,0
ID_4WAKEF,0
ID_ON8UUJ,1
ID_AG2F14,0
ID_9SJEIC,0
ID_TEVTX3,0
ID_78U42I,0
ID_PJY1ZB,0
ID_FNIROH,0
ID_ZF2JXJ,1
ID_3WZ3VU,1
ID_0SU863,0
ID_1R11Q7,0
ID_CDW57I,0
ID_H2U8V7,0
ID_E9DUV1,0
ID_2EVEIL,2
ID_CW8HYV,1
ID_U6SJJF,0
ID_NKSW5B,0
ID_FWBEBY,0
ID_6G8V3G,0
ID_YH5HOA,0
ID_HJGZX8,0
ID_TZZRBY,0
ID_H5GR8D,0
ID_RODT2D,0
ID_3YRXK6,1
ID_350SGN,1
ID_L0V8HS,0
ID_B7QPIZ,1
ID_TE1EL8,0
ID_93S8DY,0
ID_D9GX2H,0
ID_T3C1WQ,0
ID_O8PM4Y,0
ID_EI9ULT,1
ID_G7BB4D,0
ID_BW4QL7,0
ID_0RCTI8,0
ID_M7PFEE,1
ID_E11E9F,0
ID_PHJUF4,0
ID_QGM5V2,0
ID_2158U5,0
ID_OZT4LH,0
ID_FPQEQQ,0
ID_XBGK2W,0
ID_HMGOLO,1
ID_856U0R,1
ID_X7HLRI,0
ID_BMWMNO,0
ID_8BTQ78,0
ID_Y8NYFW,1
ID_JXMIKW,0
ID_RHOCN9,1
ID_M75PSZ,0
ID_MTS1EG,0
ID_EY6QMJ,0
ID_BBSU04,0
ID_M91KQZ,0
ID_84Y9YV,0
ID_SLHGMR,0
ID_LMGS9V,0
ID_CLIC6B,0
ID_BXPFYJ,0
ID_GGU5RP,0
ID_BZUO7M,0
ID_A0D7DU,0
ID_BGPOQ5,0
ID_N5A8XA,0
ID_KFH00A,0
ID_BVXKET,1
ID_LI77JZ,1
ID_FBDPWC,0
ID_MY93PO,0
ID_WSHMLF,0
ID_NV5XU6,0
ID_K74F5Z,0
ID_6T4UFE,1
ID_PEQ1ZJ,0
ID_N4SCZL,1
ID_5GDRLE,1
ID_1361BG,0
ID_Q18OVE,0
ID_5BWNE4,0
ID_QJT510,1
ID_JVYLMA,0
ID_KTSG7F,0
ID_VON8PV,0
ID_J30AMX,0
ID_KG84YN,0
ID_6KTUZH,0
ID_HN8VJF,0
ID_W0BDFF,0
ID_ZSS8V5,0
ID_CLYID8,0
ID_DOF83G,0
ID_JOD8VU,0
ID_GQJT4N,0
ID_2G0RF1,0
ID_32RV23,0
ID_K73U1P,1
ID_O504FX,0
ID_F6HYD6,1
ID_AD3M6J,0
ID_9ZA3MI,1
ID_I8ARE1,0
ID_V1LK4A,0
ID_0LJC6W,0
ID_V45D3D,1
ID_TMFWG8,0
ID_MQ5S45,0
ID_G3FYE4,0
ID_LW6JL2,1
ID_UPK9IP,1
ID_Q77AG3,2
ID_OQO0J4,0
ID_QR8O1K,0
ID_OGXVX9,0
ID_NIAI4T,0
ID_0UE99O,0
ID_NO5WTT,0
ID_VZN2HL,0
ID_TP9RRD,0
ID_JZTO7D,2
ID_E7T0TS,0
ID_5HHVYH,0
ID_8456M8,0
ID_OBJLZY,0
ID_S1CO1R,1
ID_B8JQTB,0
ID_MJJQGF,0
ID_5LX9BE,0
ID_FQ84GD,0
ID_GQIO1M,0
ID_2SDS8B,0
ID_NI4ZF5,1
ID_1M3TFQ,0
ID_HYB7TH,0
ID_T1N5JQ,1
ID_UUETN1,0
ID_4W713Q,0
ID_Q52WSP,1
ID_IH0FUO,0
ID_VRECJT,0
ID_IBCLTR,0
ID_2V0MW4,0
ID_EI975Y,0
ID_TIRC9Z,0
ID_6FXNOQ,1
ID_M4GSD5,0
ID_EC68RK,0
ID_97Y8XL,0
ID_TD3ABE,0
ID_WJAZQ4,1
ID_YJOAOE,1
ID_PN7Y85,1
ID_WLIUVJ,0
ID_F75935,0
ID_NE6YIW,0
ID_OT7U4Y,0
ID_73IEKZ,0
ID_3V10M1,1
ID_NZ7DSO,1
ID_6RSOFR,0
ID_7F10TB,0
ID_Y4XMAL,0
ID_SKP6RF,1
ID_9UK693,0
ID_KRD5EQ,1
ID_PRHVLZ,1
ID_6DDZV7,0
ID_5ZJAUC,1
ID_FWJ8DA,1
ID_90I2HQ,0
ID_TLCQFM,0
ID_1HBGYB,0
ID_RN5YUN,0
ID_JA2M0W,0
ID_XPCZ07,0
ID_NP84DY,2
ID_5U50FH,0
ID_Y0RSG5,0
ID_RB5TNG,2
ID_D7X5GY,0
ID_OW8DT8,0
ID_53R4SI,0
ID_JPQPQ2,0
ID_W8F6N3,0
ID_PFG8PJ,0
ID_WRRVAX,0
ID_SS7NW0,0
ID_LGQTCD,0
ID_Y5BFYG,0
ID_9V08LI,1
ID_IKRO8U,0
ID_5RQ8K9,0
ID_N5ROUE,0
ID_4PN9A7,0
ID_NHN6OF,0
ID_TOOWT9,1
ID_N9HFEO,0
ID_DF9M13,1
ID_4QTP87,1
ID_SW2292,0
ID_XQFJO2,0
ID_G29FLV,0
ID_0R3I9H,0
ID_F8S2ZG,0
ID_ZJHP4O,0
ID_UESBFC,0
ID_LJK85J,0
ID_Q4N181,0
ID_APDZ6W,0
ID_6L4M1T,1
ID_8QHS9C,0
ID_QDAKG8,0
ID_KQ9MGM,0
ID_GISE6J,0
ID_7SVCLL,1
ID_KHE15I,0
ID_PLB01J,0
ID_NW6GSD,0
ID_U833Z5,0
ID_GCPWW4,0
ID_TT7F1U,0
ID_IYKU9I,1
ID_4HY3FI,0
ID_D3IIA3,0
ID_G0GTPF,0
ID_CXB9VR,1
ID_EHPZRV,1
ID_F6VZCR,1
ID_9V3ZSO,1
ID_CH1WY6,0
ID_FLUOAY,1
ID_VBJRBZ,0
ID_80ICSH,0
ID_5Y96BK,0
ID_3QA8NH,0
ID_SXDLK8,1
ID_0QTL3Q,1
ID_XBAF4G,0
ID_7T3K9O,0
ID_QPVBXS,0
ID_AF3QHY,0
ID_JEGOHM,0
ID_RMNZSY,2
ID_B4UNEI,0
ID_W43KIJ,1
ID_JALVRT,0
ID_HZ3UGB,0
ID_4TBS9I,0
ID_NH1CBH,1
ID_QCSPD7,1
ID_DOFFWS,0
ID_5R0PNF,1
ID_BJMTY0,0
ID_QRFKXZ,0
ID_Q0H4S4,0
ID_O0N2NO,0
ID_22DKNO,0
ID_94WOZR,0
ID_380CBQ,1
ID_6KDD49,1
ID_5UHNA2,0
ID_CRZXC4,0
ID_LQV62J,0
ID_GW10C9,1
ID_Y93BZV,0
ID_8U6B15,0
ID_83UDQB,1
ID_2QMK3U,1
ID_CGJK91,0
ID_CVYEVB,0
ID_5JJ002,1
ID_3BQHOK,1
ID_G8CD31,0
ID_ZYV9BI,0
ID_PGGMIN,0
ID_MC9QH1,0
ID_TITXR2,0
ID_ZAC2EX,2
ID_HHW9IN,0
ID_STP8NK,0
ID_LE6KWH,1
ID_8VAQVB,1
ID_ACWAQA,0
ID_8UX018,0
ID_1MWMSO,0
ID_GJNGVS,1
ID_03Y3PA,0
ID_W5GSM7,0
ID_41EVL4,2
ID_590J1M,0
ID_07H0UM,0
ID_LX2CRL,1
ID_2P4LEW,0
ID_OZCTWJ,1
ID_7FXV7A,0
ID_YU2RNA,0
ID_50T0GD,1
ID_CXSUO8,0
ID_VDL1CE,0
ID_YN1KJS,0
ID_X1CCEF,0
ID_9JFO2A,0
ID_WE7R4H,1
ID_OJZCDU,1
ID_PRSH73,0
ID_HBUDU7,0
ID_G13IWP,0
ID_D6ARW4,0
ID_YWLKLQ,0
ID_4PO1I3,1
ID_RY92HJ,0
ID_SR5ET3,0
ID_EXTS6Y,1
ID_WUIH2J,0
ID_LDXFIB,0
ID_MZ2CAO,0
ID_5SWSFL,0
ID_FZIWJO,0
ID_05WDNL,0
ID_L4AO4W,0
ID_5SEBBM,0
ID_DO8YU9,0
ID_NPHN1O,0
ID_UIGM2T,0
ID_QK3TGZ,0
ID_4PEVH4,0
ID_7DNHU0,0
ID_UK4SHA,1
ID_OCQJR6,0
ID_MFH5E8,1
ID_EMZYG8,0
ID_W6B9W5,1
ID_FX7XJZ,0
ID_XAL1LX,0
ID_UHBP0F,1
ID_GKIKR2,1
ID_O7P4HI,0
